<?xml version="1.0" encoding="utf-8" ?>
<library>
    <condition>
        <name>Blinded</name>
    </condition>
    <condition>
        <name>Charmed</name>
    </condition>
    <condition>
        <name>Deafened</name>
    </condition>
    <condition>
        <name>Frightened</name>
    </condition>
    <condition>
        <name>Grappled</name>
    </condition>
    <condition>
        <name>Incapacitated</name>
    </condition>
    <condition>
        <name>Invisible</name>
    </condition>
    <condition>
        <name>Paralyzed</name>
    </condition>
    <condition>
        <name>Petrified</name>
    </condition>
    <condition>
        <name>Poisoned</name>
    </condition>
    <condition>
        <name>Prone</name>
    </condition>
    <condition>
        <name>Restrained</name>
    </condition>
    <condition>
        <name>Stunned</name>
    </condition>
    <condition>
        <name>Unconscious</name>
    </condition>
</library>